{
    "train_loss": [
        2.463497660376809,
        2.210128269412301,
        2.000187302719463,
        1.7998559735038064,
        1.6709406581791963,
        1.5773432146419177,
        1.4989815148440275,
        1.4262992002747275,
        1.341629311171445,
        1.3000896567648108,
        1.226575630903244,
        1.186408628658815,
        1.1759511730887673,
        1.1577436338771474,
        1.0778453160415997,
        1.131626563722437,
        1.03631880662658,
        1.0080358938737348,
        1.0073757074095986,
        0.9776827254078605,
        0.9691236967390234,
        0.9071233624761755,
        0.9577551186084747,
        0.8850595252080398,
        0.8353138490156694,
        0.870892998305234,
        0.8434201776981354,
        0.8026458970525048,
        0.835788767175241,
        0.8034062445163727,
        0.7900450774214485,
        0.7738479573618282,
        0.7985649759119208,
        0.744759683988311,
        0.7438330961899324,
        0.7275833389975808,
        0.7373024756258184,
        0.7593572212891145,
        0.6994523173028773,
        0.7132968309250745,
        0.6886431333693591,
        0.6755701709877361,
        0.6884164135564458,
        0.656471950899471,
        0.6389113298871301,
        0.6851581741463054,
        0.6221668790687215,
        0.6606382678855549,
        0.6458749036897312,
        0.5961512646891854,
        0.6402125550941987,
        0.6121106443080035,
        0.6061171507293528,
        0.635443874109875,
        0.5883330044421282,
        0.5999624769796025,
        0.5728481455282731,
        0.5696214979345148,
        0.5726876386187293,
        0.5491149693727493,
        0.5219692796468735,
        0.5616170002655549,
        0.5231155121868307,
        0.5997480378909544,
        0.5000602508133108,
        0.5483556687831879,
        0.563316731561314,
        0.5286169825629754,
        0.5012746036052704,
        0.5051363370635292,
        0.5114566404711116,
        0.4778048658912832,
        0.5086851850152015,
        0.5000340832905336,
        0.49392724551937794,
        0.495637670294805,
        0.48452670221978966,
        0.47744443023746663,
        0.4516612182963978,
        0.4533071013336832
    ],
    "val_loss": [
        2.312768886486689,
        2.0352194607257843,
        1.7424375613530476,
        1.65314981341362,
        1.4535577148199081,
        1.3873023440440495,
        1.2169101734956105,
        1.1339738940199215,
        1.1324092745780945,
        0.9362162500619888,
        0.9012558907270432,
        0.918473077317079,
        0.8637134035428365,
        0.8453660880525907,
        0.9349249849716822,
        0.9998913879195849,
        0.8348699907461802,
        0.6922756284475327,
        0.7739573394258817,
        0.7421171789367994,
        0.7169670052826405,
        0.6690284783641497,
        0.9957804083824158,
        0.6234220452606678,
        0.5908312524358431,
        0.6458166440327963,
        0.6442136242985725,
        0.4651679793993632,
        0.5014317582050959,
        0.5100457991162936,
        0.4336353614926338,
        0.6270313933491707,
        0.46213248868783313,
        0.40117545674244565,
        0.5080184042453766,
        0.4417930394411087,
        0.5471622670690218,
        0.4471317070225875,
        0.3383560335884492,
        0.4473264254629612,
        0.44405387714505196,
        0.3147978267321984,
        0.3830400084455808,
        0.32318300070861977,
        0.3256455125908057,
        0.327469315379858,
        0.3125852309167385,
        0.30882375749448937,
        0.29167421410481137,
        0.3014257134248813,
        0.44975812050203484,
        0.2959652555485566,
        0.4126443782200416,
        0.3563006029774745,
        0.2548954163988431,
        0.2871580943465233,
        0.2546073303868373,
        0.2769255619496107,
        0.2614555209875107,
        0.2799761046965917,
        0.2753902617841959,
        0.2262504743412137,
        0.2950978068013986,
        0.280336681753397,
        0.24695013711849848,
        0.23994104408969483,
        0.2551040382434924,
        0.4456494168067972,
        0.21088026029368243,
        0.2004918952782949,
        0.21493432143082222,
        0.3119513609757026,
        0.24637320016821226,
        0.22535620257258415,
        0.23083128252377114,
        0.21206623129546642,
        0.22720976267009974,
        0.21007410840441784,
        0.22160582741101584,
        0.21630209125578403
    ],
    "train_acc": [
        10.914285714285715,
        16.34285714285714,
        22.37142857142857,
        26.742857142857144,
        30.37142857142857,
        34.8,
        36.74285714285714,
        40.114285714285714,
        43.114285714285714,
        44.34285714285714,
        48.628571428571426,
        48.371428571428574,
        49.57142857142857,
        49.17142857142857,
        54.142857142857146,
        49.885714285714286,
        55.65714285714286,
        57.34285714285714,
        55.25714285714286,
        57.371428571428574,
        57.714285714285715,
        61.2,
        58.48571428571429,
        62.285714285714285,
        63.142857142857146,
        61.34285714285714,
        64.68571428571428,
        64.05714285714286,
        63.628571428571426,
        65.8,
        67.17142857142858,
        66.51428571428572,
        65.2,
        68.28571428571429,
        67.88571428571429,
        68.91428571428571,
        68.25714285714285,
        67.2,
        70.37142857142857,
        68.97142857142858,
        70.0,
        71.05714285714286,
        71.45714285714286,
        71.88571428571429,
        72.62857142857143,
        71.05714285714286,
        73.85714285714286,
        72.11428571428571,
        72.65714285714286,
        75.65714285714286,
        72.77142857142857,
        73.94285714285714,
        74.4,
        72.2,
        75.05714285714286,
        74.0,
        75.34285714285714,
        75.68571428571428,
        75.97142857142858,
        76.94285714285714,
        78.6,
        76.6,
        77.37142857142857,
        74.6,
        79.91428571428571,
        77.11428571428571,
        76.37142857142857,
        78.65714285714286,
        79.37142857142857,
        79.42857142857143,
        79.34285714285714,
        79.94285714285714,
        79.17142857142858,
        80.34285714285714,
        80.14285714285714,
        80.05714285714286,
        80.28571428571429,
        80.51428571428572,
        80.82857142857142,
        80.4
    ],